,gen,pA,error
0,NA,200000.0,10000000000.0
1,0.0,200000.0,4.904723217879084
2,1.0,206250.0,4.901816643731055
