,gen,pA,error
0,NA,100000.0,10000000000.0
1,0.0,100000.0,8.841371865232801
2,1.0,105000.0,8.48750342694068
3,2.0,102500.0,8.470091742541488
4,3.0,106250.0,8.269965510535975
