,gen,pA,error
0,0.0,200000.0,4.904723217879084
1,1.0,250000.0,4.9783877294212315
2,2.0,300000.0,4.912739222657303
3,3.0,350000.0,5.675573051053413
4,4.0,400000.0,6.013392283087869
5,5.0,450000.0,6.269887477402042
6,6.0,500000.0,6.636895802995137
