,gen,pA,error
0,NA,150000.0,10000000000.0
1,0.0,150000.0,6.305786383885195
2,1.0,155000.0,4.958078392893456
3,2.0,152500.0,4.958078392893456
4,3.0,155000.0,4.958078392893456
5,4.0,153750.0,4.958078392893456
6,5.0,155000.0,4.958078392893456
7,6.0,154375.0,4.958078392893456
