,gen,pA,error
0,0.0,200000.0,4.904723217879084
1,1.0,250000.0,4.9783877294212315
2,2.0,300000.0,4.912739222657303
3,3.0,350000.0,5.675573051053413
