,gen,pA,pB,pD,error
0,NA,399.9825708842276,15833.418859527059,0.056909660923482125,10000000000.0
1,1.0,547.9104073844346,15833.418859527059,8103.140837236308,5.502065727772368
2,2.0,724.1194644206189,15833.418859527059,16206.224764811692,4.400413203738527
3,3.0,3705.077451462347,15833.418859527059,16206.224764811692,3.861229196653691
