,gen,pA,error
0,NA,[25932.77581246],10000000000.0
1,0,[25932.77581246],60.34094116514796
2,1,[25935.58290251],60.34094116514796
3,2,[25938.38999256],60.34094116514796
4,3,[25941.19708261],60.34094116514796
5,4,[25944.00417266],60.34094116514796
6,5,[25946.81126271],60.34094116514796
7,6,[25949.61835276],60.34094116514796
